{"cameraMode":{"drawMode":0,"name":"Shaded","section":"Shading Mode"},"sceneLighting":false,"audioPlay":false,"sceneViewState":{"m_AlwaysRefresh":false,"showFog":true,"showSkybox":false,"showFlares":true,"showImageEffects":true,"showParticleSystems":true,"showVisualEffectGraphs":true,"m_FxEnabled":true},"in2DMode":false,"pivot":{"x":-3.6450891494750978,"y":0.8179612159729004,"z":-1.5740303993225098},"rotation":{"x":0.10047364979982376,"y":0.5397509932518005,"z":-0.06508394330739975,"w":0.8332632184028626},"size":3.8679823875427248,"orthographic":true}