{"cameraMode":{"drawMode":0,"name":"Shaded","section":"Shading Mode"},"sceneLighting":true,"audioPlay":false,"sceneViewState":{"m_AlwaysRefresh":false,"showFog":true,"showSkybox":true,"showFlares":true,"showImageEffects":true,"showParticleSystems":true,"showVisualEffectGraphs":true,"m_FxEnabled":true},"in2DMode":false,"pivot":{"x":2.289062023162842,"y":-835.9261474609375,"z":-25.966480255126954},"rotation":{"x":0.18227079510688783,"y":-0.1115347146987915,"z":0.020802807062864305,"w":0.9766665101051331},"size":0.8660253882408142,"orthographic":false}