{"cameraMode":{"drawMode":0,"name":"Shaded","section":"Shading Mode"},"sceneLighting":true,"audioPlay":false,"sceneViewState":{"m_AlwaysRefresh":false,"showFog":true,"showSkybox":true,"showFlares":true,"showImageEffects":true,"showParticleSystems":true,"showVisualEffectGraphs":true,"m_FxEnabled":true},"in2DMode":false,"pivot":{"x":-10.357925415039063,"y":4.211104869842529,"z":25.392803192138673},"rotation":{"x":0.05992819741368294,"y":-0.5899288058280945,"z":0.043970972299575809,"w":0.8040245175361633},"size":25.87169647216797,"orthographic":false}