{"cameraMode":{"drawMode":0,"name":"Shaded","section":"Shading Mode"},"sceneLighting":false,"audioPlay":false,"sceneViewState":{"m_AlwaysRefresh":false,"showFog":true,"showSkybox":false,"showFlares":true,"showImageEffects":true,"showParticleSystems":true,"showVisualEffectGraphs":true,"m_FxEnabled":true},"in2DMode":false,"pivot":{"x":7.550000190734863,"y":0.8179612159729004,"z":-1.5740303993225098},"rotation":{"x":0.1224852204322815,"y":0.1632698029279709,"z":-0.020433878526091577,"w":0.9787300229072571},"size":0.3695424497127533,"orthographic":true}